defect_id,product_id,defect_type,defect_date,defect_location,severity,inspection_method,repair_cost,month,year
1,15,Structural,2024-06-06,Component,Minor,Visual Inspection,245.47,6,2024
2,6,Functional,2024-04-26,Component,Minor,Visual Inspection,26.87,4,2024
3,84,Structural,2024-02-15,Internal,Minor,Automated Testing,835.81,2,2024
4,10,Functional,2024-03-28,Internal,Critical,Automated Testing,444.47,3,2024
5,14,Cosmetic,2024-04-26,Component,Minor,Manual Testing,823.64,4,2024
6,17,Functional,2024-05-11,Internal,Moderate,Visual Inspection,788.11,5,2024
7,85,Cosmetic,2024-05-23,Internal,Critical,Manual Testing,33.68,5,2024
8,90,Structural,2024-01-15,Internal,Moderate,Manual Testing,65.56,1,2024
9,30,Structural,2024-01-26,Component,Critical,Manual Testing,848.61,1,2024
10,20,Structural,2024-06-05,Component,Critical,Visual Inspection,478.48,6,2024
11,45,Structural,2024-04-28,Surface,Moderate,Automated Testing,217.96,4,2024
12,86,Structural,2024-02-25,Component,Minor,Manual Testing,485.02,2,2024
13,87,Cosmetic,2024-06-20,Component,Minor,Visual Inspection,714.63,6,2024
14,72,Cosmetic,2024-05-08,Surface,Critical,Manual Testing,603.94,5,2024
15,74,Cosmetic,2024-05-03,Component,Critical,Manual Testing,189.55,5,2024
16,10,Functional,2024-01-20,Component,Minor,Automated Testing,458.79,1,2024
17,53,Structural,2024-05-14,Internal,Minor,Visual Inspection,509.35,5,2024
18,63,Cosmetic,2024-05-21,Component,Critical,Visual Inspection,538.99,5,2024
19,28,Functional,2024-02-15,Internal,Critical,Manual Testing,34.93,2,2024
20,81,Structural,2024-05-25,Internal,Moderate,Manual Testing,557.11,5,2024
21,67,Functional,2024-05-03,Surface,Minor,Visual Inspection,831.43,5,2024
22,6,Structural,2024-03-06,Surface,Minor,Visual Inspection,504.9,3,2024
23,33,Structural,2024-05-06,Surface,Moderate,Automated Testing,349.23,5,2024
24,15,Structural,2024-02-23,Component,Critical,Visual Inspection,560.39,2,2024
25,13,Cosmetic,2024-02-19,Surface,Moderate,Manual Testing,629.71,2,2024
26,39,Structural,2024-06-15,Component,Moderate,Visual Inspection,975.44,6,2024
27,60,Cosmetic,2024-05-08,Component,Moderate,Manual Testing,737.54,5,2024
28,42,Structural,2024-01-02,Component,Critical,Manual Testing,592.87,1,2024
29,3,Structural,2024-01-13,Component,Moderate,Automated Testing,99.82,1,2024
30,17,Functional,2024-01-22,Surface,Critical,Visual Inspection,106.34,1,2024
31,30,Structural,2024-04-30,Surface,Critical,Automated Testing,352.58,4,2024
32,25,Structural,2024-03-29,Surface,Moderate,Visual Inspection,734.12,3,2024
33,14,Cosmetic,2024-05-15,Internal,Minor,Visual Inspection,953.54,5,2024
34,58,Structural,2024-06-19,Surface,Critical,Manual Testing,753.89,6,2024
35,48,Functional,2024-04-04,Component,Critical,Automated Testing,955.91,4,2024
36,20,Structural,2024-06-04,Surface,Critical,Automated Testing,776.91,6,2024
37,68,Cosmetic,2024-01-20,Internal,Critical,Manual Testing,607.96,1,2024
38,51,Functional,2024-06-08,Internal,Moderate,Automated Testing,107.7,6,2024
39,12,Functional,2024-06-25,Internal,Critical,Manual Testing,27.24,6,2024
40,92,Cosmetic,2024-01-06,Surface,Critical,Visual Inspection,370.83,1,2024
41,63,Functional,2024-03-11,Component,Minor,Manual Testing,526.08,3,2024
42,49,Functional,2024-05-18,Surface,Critical,Automated Testing,144.38,5,2024
43,72,Cosmetic,2024-03-23,Surface,Moderate,Visual Inspection,534.33,3,2024
44,24,Structural,2024-05-18,Surface,Minor,Visual Inspection,456.8,5,2024
45,64,Functional,2024-05-27,Surface,Minor,Automated Testing,215.01,5,2024
46,36,Structural,2024-04-24,Surface,Moderate,Manual Testing,824.3,4,2024
47,79,Structural,2024-02-14,Component,Critical,Manual Testing,769.28,2,2024
48,36,Structural,2024-01-03,Component,Moderate,Manual Testing,160.25,1,2024
49,65,Functional,2024-02-24,Component,Minor,Automated Testing,386.17,2,2024
50,9,Functional,2024-01-06,Component,Moderate,Manual Testing,572.08,1,2024
51,10,Structural,2024-06-26,Internal,Minor,Visual Inspection,433.85,6,2024
52,7,Structural,2024-05-19,Surface,Minor,Manual Testing,338.1,5,2024
53,81,Functional,2024-01-03,Surface,Critical,Automated Testing,93.13,1,2024
54,62,Cosmetic,2024-05-14,Component,Moderate,Visual Inspection,308.37,5,2024
55,29,Structural,2024-03-23,Internal,Critical,Automated Testing,396.58,3,2024
56,73,Structural,2024-01-19,Surface,Minor,Automated Testing,957.6,1,2024
57,86,Structural,2024-03-06,Internal,Moderate,Automated Testing,205.19,3,2024
58,5,Cosmetic,2024-05-25,Component,Critical,Manual Testing,300.27,5,2024
59,79,Structural,2024-03-10,Internal,Critical,Automated Testing,671.22,3,2024
60,87,Functional,2024-02-18,Surface,Minor,Visual Inspection,395.1,2,2024
61,60,Structural,2024-06-11,Component,Critical,Visual Inspection,675.89,6,2024
62,43,Cosmetic,2024-03-08,Component,Moderate,Visual Inspection,523.02,3,2024
63,52,Structural,2024-01-02,Surface,Critical,Manual Testing,337.5,1,2024
64,2,Cosmetic,2024-01-11,Surface,Minor,Automated Testing,830.89,1,2024
65,22,Functional,2024-04-16,Component,Critical,Visual Inspection,84.97,4,2024
66,31,Functional,2024-05-24,Internal,Minor,Visual Inspection,771.96,5,2024
67,87,Functional,2024-03-15,Internal,Minor,Automated Testing,46.43,3,2024
68,11,Cosmetic,2024-04-16,Internal,Minor,Automated Testing,31.91,4,2024
69,33,Cosmetic,2024-05-19,Component,Moderate,Automated Testing,845.8,5,2024
70,17,Functional,2024-02-19,Component,Minor,Manual Testing,729.55,2,2024
71,71,Cosmetic,2024-03-05,Surface,Moderate,Automated Testing,187.03,3,2024
72,35,Structural,2024-06-29,Component,Moderate,Automated Testing,470.35,6,2024
73,15,Functional,2024-05-20,Internal,Minor,Visual Inspection,662.35,5,2024
74,43,Functional,2024-04-04,Component,Critical,Visual Inspection,509.97,4,2024
75,2,Functional,2024-01-03,Component,Critical,Manual Testing,352.33,1,2024
76,36,Functional,2024-03-27,Surface,Minor,Manual Testing,228.22,3,2024
77,64,Functional,2024-02-06,Component,Critical,Manual Testing,632.45,2,2024
78,28,Functional,2024-06-20,Component,Critical,Automated Testing,975.87,6,2024
79,69,Structural,2024-03-23,Internal,Moderate,Visual Inspection,967.14,3,2024
80,75,Structural,2024-01-11,Surface,Moderate,Automated Testing,992.69,1,2024
81,69,Functional,2024-03-14,Surface,Minor,Manual Testing,827.74,3,2024
82,74,Structural,2024-04-02,Component,Critical,Automated Testing,270.97,4,2024
83,69,Structural,2024-04-11,Surface,Critical,Visual Inspection,712.98,4,2024
84,11,Structural,2024-06-24,Component,Critical,Manual Testing,556.05,6,2024
85,92,Structural,2024-04-27,Component,Minor,Manual Testing,200.11,4,2024
86,70,Structural,2024-01-14,Component,Moderate,Automated Testing,660.05,1,2024
87,22,Structural,2024-01-21,Component,Moderate,Manual Testing,220.96,1,2024
88,9,Functional,2024-02-09,Component,Critical,Visual Inspection,776.54,2,2024
89,6,Functional,2024-05-01,Surface,Moderate,Visual Inspection,920.26,5,2024
90,58,Structural,2024-02-17,Internal,Moderate,Visual Inspection,492.22,2,2024
91,98,Cosmetic,2024-03-07,Surface,Critical,Manual Testing,513.45,3,2024
92,93,Functional,2024-06-30,Component,Moderate,Automated Testing,286.28,6,2024
93,10,Functional,2024-04-01,Surface,Minor,Automated Testing,698.89,4,2024
94,72,Cosmetic,2024-02-02,Internal,Critical,Visual Inspection,555.25,2,2024
95,36,Cosmetic,2024-05-16,Component,Moderate,Manual Testing,465.92,5,2024
96,11,Structural,2024-03-08,Component,Critical,Manual Testing,732.13,3,2024
97,56,Structural,2024-03-15,Component,Moderate,Automated Testing,582.46,3,2024
98,67,Cosmetic,2024-03-10,Component,Moderate,Visual Inspection,647.7,3,2024
99,67,Structural,2024-04-08,Component,Critical,Visual Inspection,536.57,4,2024
100,8,Functional,2024-04-24,Surface,Minor,Visual Inspection,673.85,4,2024
101,27,Structural,2024-01-25,Internal,Minor,Manual Testing,871.1,1,2024
102,79,Structural,2024-06-25,Internal,Critical,Visual Inspection,973.66,6,2024
103,87,Functional,2024-05-31,Internal,Critical,Visual Inspection,787.42,5,2024
104,1,Structural,2024-06-25,Surface,Minor,Manual Testing,338.48,6,2024
105,49,Structural,2024-04-30,Component,Critical,Visual Inspection,922.07,4,2024
106,9,Functional,2024-05-14,Surface,Moderate,Manual Testing,137.41,5,2024
107,63,Structural,2024-06-28,Surface,Critical,Automated Testing,17.89,6,2024
108,97,Cosmetic,2024-01-26,Surface,Moderate,Manual Testing,210.3,1,2024
109,1,Cosmetic,2024-02-22,Component,Critical,Automated Testing,978.5,2,2024
110,44,Functional,2024-03-05,Surface,Minor,Visual Inspection,381.15,3,2024
111,27,Structural,2024-05-06,Component,Moderate,Manual Testing,302.42,5,2024
112,9,Cosmetic,2024-01-12,Component,Minor,Automated Testing,813.46,1,2024
113,67,Cosmetic,2024-04-08,Surface,Minor,Automated Testing,998.27,4,2024
114,83,Functional,2024-01-25,Component,Critical,Manual Testing,498.47,1,2024
115,66,Functional,2024-04-30,Internal,Moderate,Visual Inspection,362.23,4,2024
116,36,Cosmetic,2024-01-09,Internal,Critical,Visual Inspection,194.79,1,2024
117,64,Cosmetic,2024-01-11,Surface,Moderate,Visual Inspection,677.65,1,2024
118,66,Structural,2024-04-10,Surface,Critical,Manual Testing,310.8,4,2024
119,99,Structural,2024-03-05,Surface,Minor,Visual Inspection,717.21,3,2024
120,80,Functional,2024-03-08,Component,Critical,Manual Testing,641.58,3,2024
121,86,Structural,2024-06-09,Internal,Minor,Manual Testing,520.84,6,2024
122,51,Structural,2024-04-16,Surface,Critical,Manual Testing,271.18,4,2024
123,79,Cosmetic,2024-02-04,Internal,Minor,Manual Testing,657.81,2,2024
124,100,Functional,2024-03-27,Internal,Moderate,Manual Testing,620.66,3,2024
125,86,Cosmetic,2024-03-10,Surface,Critical,Visual Inspection,533.03,3,2024
126,29,Structural,2024-02-01,Surface,Minor,Visual Inspection,21.77,2,2024
127,68,Cosmetic,2024-05-19,Surface,Minor,Manual Testing,302.22,5,2024
128,92,Cosmetic,2024-03-02,Internal,Moderate,Automated Testing,895.38,3,2024
129,14,Cosmetic,2024-06-20,Surface,Critical,Visual Inspection,241.61,6,2024
130,72,Cosmetic,2024-04-06,Internal,Critical,Automated Testing,878.46,4,2024
131,61,Functional,2024-05-15,Internal,Critical,Visual Inspection,268.08,5,2024
132,63,Structural,2024-04-23,Surface,Critical,Visual Inspection,492.32,4,2024
133,86,Structural,2024-03-20,Surface,Moderate,Manual Testing,379.78,3,2024
134,98,Cosmetic,2024-02-03,Surface,Moderate,Visual Inspection,498.71,2,2024
135,61,Cosmetic,2024-02-15,Internal,Moderate,Automated Testing,379.01,2,2024
136,67,Functional,2024-02-21,Internal,Minor,Automated Testing,79.52,2,2024
137,2,Functional,2024-04-19,Internal,Critical,Automated Testing,602.25,4,2024
138,11,Structural,2024-03-05,Component,Critical,Automated Testing,575.71,3,2024
139,58,Cosmetic,2024-06-24,Surface,Critical,Visual Inspection,760.33,6,2024
140,68,Functional,2024-04-04,Internal,Critical,Manual Testing,955.54,4,2024
141,28,Cosmetic,2024-01-06,Internal,Minor,Visual Inspection,679.88,1,2024
142,63,Structural,2024-03-25,Internal,Critical,Visual Inspection,71.91,3,2024
143,100,Functional,2024-05-27,Internal,Moderate,Manual Testing,916.79,5,2024
144,45,Cosmetic,2024-06-18,Internal,Moderate,Manual Testing,558.34,6,2024
145,25,Structural,2024-01-16,Internal,Minor,Manual Testing,23.02,1,2024
146,43,Cosmetic,2024-04-26,Internal,Minor,Visual Inspection,346.23,4,2024
147,45,Structural,2024-04-05,Internal,Critical,Automated Testing,926.31,4,2024
148,84,Cosmetic,2024-01-29,Internal,Critical,Automated Testing,783.88,1,2024
149,41,Cosmetic,2024-01-25,Surface,Moderate,Automated Testing,747.18,1,2024
150,53,Functional,2024-03-22,Surface,Critical,Manual Testing,415.84,3,2024
151,61,Structural,2024-06-07,Component,Minor,Visual Inspection,502.15,6,2024
152,97,Structural,2024-01-27,Internal,Moderate,Manual Testing,94.7,1,2024
153,63,Cosmetic,2024-01-09,Surface,Minor,Manual Testing,426.04,1,2024
154,75,Cosmetic,2024-05-03,Surface,Moderate,Automated Testing,380.52,5,2024
155,10,Structural,2024-01-24,Component,Minor,Visual Inspection,935.64,1,2024
156,56,Functional,2024-05-21,Internal,Minor,Manual Testing,595.9,5,2024
157,96,Functional,2024-05-07,Surface,Minor,Manual Testing,788.22,5,2024
158,96,Functional,2024-01-16,Surface,Critical,Visual Inspection,465.74,1,2024
159,77,Structural,2024-05-19,Internal,Moderate,Automated Testing,661.8,5,2024
160,91,Structural,2024-05-17,Surface,Moderate,Manual Testing,532.77,5,2024
161,56,Cosmetic,2024-05-21,Component,Minor,Visual Inspection,612.03,5,2024
162,56,Functional,2024-02-09,Component,Moderate,Manual Testing,614.11,2,2024
163,12,Cosmetic,2024-01-30,Surface,Minor,Manual Testing,238.39,1,2024
164,6,Structural,2024-04-20,Internal,Minor,Visual Inspection,986.51,4,2024
165,30,Cosmetic,2024-05-06,Component,Critical,Automated Testing,796.76,5,2024
166,34,Functional,2024-02-15,Component,Minor,Visual Inspection,105.27,2,2024
167,99,Cosmetic,2024-01-27,Surface,Moderate,Automated Testing,950.97,1,2024
168,14,Structural,2024-06-29,Surface,Critical,Visual Inspection,517.41,6,2024
169,70,Cosmetic,2024-06-03,Surface,Critical,Manual Testing,789.62,6,2024
170,4,Functional,2024-05-16,Internal,Moderate,Visual Inspection,942.03,5,2024
171,74,Cosmetic,2024-04-26,Surface,Moderate,Manual Testing,352.05,4,2024
172,25,Cosmetic,2024-01-02,Component,Critical,Automated Testing,10.22,1,2024
173,74,Cosmetic,2024-03-29,Component,Moderate,Automated Testing,932.23,3,2024
174,51,Functional,2024-05-29,Surface,Critical,Automated Testing,715.22,5,2024
175,6,Structural,2024-02-19,Internal,Moderate,Manual Testing,999.64,2,2024
176,13,Structural,2024-03-09,Surface,Critical,Manual Testing,952.49,3,2024
177,34,Structural,2024-01-21,Internal,Minor,Manual Testing,174.76,1,2024
178,51,Functional,2024-01-17,Internal,Minor,Visual Inspection,755.15,1,2024
179,44,Structural,2024-04-23,Surface,Moderate,Automated Testing,532.6,4,2024
180,64,Structural,2024-01-07,Component,Minor,Manual Testing,854.25,1,2024
181,91,Functional,2024-02-29,Internal,Minor,Automated Testing,383.83,2,2024
182,80,Functional,2024-01-27,Internal,Moderate,Manual Testing,80.0,1,2024
183,8,Structural,2024-02-02,Component,Critical,Visual Inspection,970.31,2,2024
184,14,Functional,2024-02-09,Internal,Moderate,Visual Inspection,517.63,2,2024
185,64,Structural,2024-01-15,Surface,Moderate,Automated Testing,81.33,1,2024
186,21,Structural,2024-03-29,Component,Critical,Manual Testing,540.92,3,2024
187,13,Cosmetic,2024-04-27,Internal,Critical,Visual Inspection,280.77,4,2024
188,56,Structural,2024-06-02,Internal,Moderate,Automated Testing,87.28,6,2024
189,95,Cosmetic,2024-02-23,Surface,Minor,Manual Testing,306.56,2,2024
190,4,Functional,2024-06-22,Surface,Critical,Automated Testing,86.46,6,2024
191,80,Cosmetic,2024-01-12,Surface,Critical,Manual Testing,13.03,1,2024
192,95,Functional,2024-03-21,Component,Critical,Visual Inspection,525.07,3,2024
193,28,Cosmetic,2024-05-21,Component,Critical,Manual Testing,219.71,5,2024
194,1,Structural,2024-03-03,Component,Critical,Visual Inspection,192.21,3,2024
195,17,Structural,2024-02-18,Component,Moderate,Automated Testing,924.13,2,2024
196,18,Structural,2024-06-21,Component,Minor,Manual Testing,65.23,6,2024
197,76,Cosmetic,2024-05-28,Internal,Moderate,Automated Testing,481.7,5,2024
198,28,Cosmetic,2024-04-14,Surface,Minor,Manual Testing,561.27,4,2024
199,75,Structural,2024-01-30,Internal,Moderate,Visual Inspection,169.54,1,2024
200,78,Cosmetic,2024-04-04,Surface,Moderate,Visual Inspection,629.38,4,2024
201,8,Cosmetic,2024-01-04,Surface,Critical,Automated Testing,783.36,1,2024
202,97,Structural,2024-05-25,Surface,Moderate,Automated Testing,102.88,5,2024
203,22,Structural,2024-04-05,Component,Minor,Manual Testing,269.04,4,2024
204,82,Functional,2024-01-20,Surface,Moderate,Visual Inspection,257.33,1,2024
205,17,Structural,2024-05-28,Component,Critical,Automated Testing,824.37,5,2024
206,59,Functional,2024-05-29,Surface,Minor,Manual Testing,303.59,5,2024
207,69,Functional,2024-04-22,Internal,Critical,Automated Testing,793.3,4,2024
208,22,Functional,2024-01-31,Surface,Critical,Manual Testing,929.05,1,2024
209,76,Functional,2024-05-20,Internal,Moderate,Manual Testing,473.36,5,2024
210,59,Functional,2024-01-25,Surface,Minor,Automated Testing,478.17,1,2024
211,61,Structural,2024-03-12,Component,Critical,Manual Testing,430.49,3,2024
212,69,Functional,2024-05-07,Surface,Moderate,Automated Testing,460.93,5,2024
213,75,Cosmetic,2024-01-30,Internal,Moderate,Visual Inspection,917.3,1,2024
214,42,Structural,2024-01-02,Surface,Minor,Manual Testing,520.21,1,2024
215,38,Functional,2024-01-07,Internal,Critical,Manual Testing,575.58,1,2024
216,5,Structural,2024-01-13,Internal,Moderate,Visual Inspection,296.41,1,2024
217,10,Cosmetic,2024-05-28,Surface,Critical,Automated Testing,622.98,5,2024
218,21,Functional,2024-05-10,Internal,Critical,Visual Inspection,484.08,5,2024
219,92,Cosmetic,2024-04-26,Component,Critical,Manual Testing,479.31,4,2024
220,29,Functional,2024-04-05,Surface,Minor,Manual Testing,624.22,4,2024
221,49,Functional,2024-06-11,Component,Critical,Manual Testing,777.18,6,2024
222,28,Functional,2024-02-12,Component,Critical,Automated Testing,842.93,2,2024
223,87,Cosmetic,2024-01-26,Surface,Critical,Manual Testing,974.99,1,2024
224,51,Functional,2024-04-24,Component,Critical,Manual Testing,989.81,4,2024
225,64,Structural,2024-04-23,Component,Moderate,Visual Inspection,484.04,4,2024
226,77,Cosmetic,2024-06-04,Internal,Minor,Automated Testing,38.39,6,2024
227,23,Functional,2024-06-23,Surface,Minor,Visual Inspection,334.53,6,2024
228,89,Functional,2024-02-04,Component,Moderate,Manual Testing,580.74,2,2024
229,30,Functional,2024-03-24,Surface,Critical,Manual Testing,638.28,3,2024
230,88,Structural,2024-01-28,Component,Minor,Manual Testing,727.86,1,2024
231,47,Structural,2024-03-11,Internal,Moderate,Manual Testing,117.74,3,2024
232,74,Functional,2024-05-25,Component,Critical,Automated Testing,891.94,5,2024
233,53,Structural,2024-03-17,Surface,Minor,Visual Inspection,440.58,3,2024
234,39,Structural,2024-02-17,Internal,Minor,Automated Testing,310.96,2,2024
235,4,Cosmetic,2024-01-28,Internal,Critical,Manual Testing,430.74,1,2024
236,29,Cosmetic,2024-05-05,Surface,Minor,Automated Testing,47.99,5,2024
237,31,Cosmetic,2024-06-30,Component,Moderate,Visual Inspection,728.13,6,2024
238,75,Structural,2024-02-06,Component,Critical,Visual Inspection,890.35,2,2024
239,88,Functional,2024-03-12,Surface,Minor,Manual Testing,356.55,3,2024
240,14,Structural,2024-05-04,Internal,Moderate,Visual Inspection,271.51,5,2024
241,80,Structural,2024-03-19,Surface,Minor,Manual Testing,288.31,3,2024
242,13,Functional,2024-02-08,Component,Critical,Automated Testing,663.49,2,2024
243,5,Functional,2024-06-18,Internal,Moderate,Manual Testing,711.77,6,2024
244,67,Structural,2024-06-04,Surface,Moderate,Visual Inspection,822.12,6,2024
245,35,Cosmetic,2024-05-27,Component,Critical,Visual Inspection,889.52,5,2024
246,81,Structural,2024-03-30,Surface,Minor,Automated Testing,471.55,3,2024
247,24,Cosmetic,2024-04-22,Internal,Critical,Automated Testing,136.69,4,2024
248,65,Structural,2024-03-27,Component,Minor,Automated Testing,148.61,3,2024
249,13,Structural,2024-05-16,Surface,Moderate,Manual Testing,768.39,5,2024
250,65,Cosmetic,2024-06-07,Component,Moderate,Manual Testing,545.52,6,2024
251,33,Structural,2024-01-29,Component,Moderate,Automated Testing,978.58,1,2024
252,92,Cosmetic,2024-05-16,Internal,Critical,Visual Inspection,62.59,5,2024
253,25,Functional,2024-05-01,Component,Minor,Automated Testing,146.53,5,2024
254,33,Functional,2024-05-02,Surface,Minor,Automated Testing,168.3,5,2024
255,63,Cosmetic,2024-01-02,Internal,Critical,Manual Testing,225.2,1,2024
256,23,Structural,2024-06-18,Surface,Minor,Manual Testing,875.37,6,2024
257,47,Structural,2024-06-03,Surface,Minor,Manual Testing,772.77,6,2024
258,78,Structural,2024-05-07,Component,Minor,Automated Testing,617.12,5,2024
259,74,Functional,2024-03-20,Surface,Moderate,Manual Testing,900.61,3,2024
260,70,Structural,2024-03-03,Surface,Minor,Manual Testing,159.25,3,2024
261,59,Functional,2024-03-02,Internal,Minor,Manual Testing,16.62,3,2024
262,77,Functional,2024-02-25,Surface,Minor,Automated Testing,906.96,2,2024
263,96,Functional,2024-05-03,Internal,Minor,Manual Testing,446.61,5,2024
264,39,Structural,2024-01-29,Surface,Minor,Manual Testing,406.06,1,2024
265,54,Structural,2024-06-08,Component,Minor,Automated Testing,286.25,6,2024
266,74,Structural,2024-06-22,Surface,Critical,Manual Testing,319.6,6,2024
267,57,Functional,2024-06-04,Surface,Moderate,Manual Testing,798.16,6,2024
268,48,Functional,2024-01-05,Component,Critical,Manual Testing,674.23,1,2024
269,99,Cosmetic,2024-03-09,Component,Minor,Manual Testing,940.48,3,2024
270,71,Functional,2024-04-05,Internal,Critical,Visual Inspection,42.63,4,2024
271,37,Cosmetic,2024-06-26,Surface,Critical,Automated Testing,433.02,6,2024
272,65,Structural,2024-04-09,Internal,Minor,Manual Testing,606.91,4,2024
273,94,Structural,2024-06-15,Surface,Moderate,Automated Testing,129.41,6,2024
274,83,Cosmetic,2024-02-05,Surface,Critical,Manual Testing,444.1,2,2024
275,71,Functional,2024-05-29,Surface,Moderate,Manual Testing,634.26,5,2024
276,46,Cosmetic,2024-01-13,Surface,Moderate,Manual Testing,672.89,1,2024
277,56,Functional,2024-05-22,Internal,Minor,Visual Inspection,557.67,5,2024
278,34,Functional,2024-06-22,Internal,Minor,Manual Testing,272.53,6,2024
279,19,Structural,2024-02-17,Internal,Minor,Visual Inspection,503.24,2,2024
280,27,Functional,2024-04-23,Surface,Critical,Visual Inspection,611.37,4,2024
281,69,Cosmetic,2024-01-24,Surface,Minor,Visual Inspection,501.54,1,2024
282,90,Structural,2024-05-20,Surface,Minor,Manual Testing,290.23,5,2024
283,63,Cosmetic,2024-01-30,Internal,Moderate,Manual Testing,195.84,1,2024
284,86,Structural,2024-04-09,Internal,Moderate,Visual Inspection,88.05,4,2024
285,82,Structural,2024-05-17,Surface,Critical,Manual Testing,97.99,5,2024
286,65,Structural,2024-06-19,Internal,Critical,Visual Inspection,349.24,6,2024
287,14,Structural,2024-01-31,Internal,Critical,Manual Testing,421.51,1,2024
288,48,Structural,2024-05-26,Internal,Critical,Manual Testing,422.77,5,2024
289,61,Structural,2024-02-07,Internal,Minor,Automated Testing,925.03,2,2024
290,35,Structural,2024-02-27,Internal,Minor,Automated Testing,319.58,2,2024
291,67,Functional,2024-04-22,Surface,Moderate,Automated Testing,556.42,4,2024
292,16,Structural,2024-02-04,Surface,Minor,Automated Testing,818.54,2,2024
293,44,Structural,2024-01-02,Internal,Moderate,Automated Testing,320.62,1,2024
294,80,Cosmetic,2024-03-31,Internal,Moderate,Manual Testing,178.82,3,2024
295,83,Structural,2024-02-29,Surface,Critical,Manual Testing,237.65,2,2024
296,93,Structural,2024-03-14,Component,Moderate,Manual Testing,658.16,3,2024
297,43,Structural,2024-01-23,Surface,Minor,Visual Inspection,326.58,1,2024
298,87,Cosmetic,2024-02-14,Surface,Minor,Manual Testing,301.61,2,2024
299,56,Cosmetic,2024-05-26,Surface,Minor,Visual Inspection,357.56,5,2024
300,3,Functional,2024-04-26,Internal,Critical,Manual Testing,358.21,4,2024
301,22,Structural,2024-05-03,Surface,Moderate,Manual Testing,89.91,5,2024
302,85,Cosmetic,2024-05-06,Internal,Minor,Automated Testing,18.42,5,2024
303,80,Functional,2024-04-25,Component,Moderate,Visual Inspection,294.31,4,2024
304,17,Functional,2024-04-24,Internal,Minor,Visual Inspection,865.96,4,2024
305,35,Cosmetic,2024-06-12,Component,Minor,Visual Inspection,578.28,6,2024
306,39,Structural,2024-02-13,Surface,Critical,Visual Inspection,495.87,2,2024
307,30,Functional,2024-06-19,Component,Minor,Visual Inspection,728.39,6,2024
308,47,Cosmetic,2024-01-08,Component,Minor,Manual Testing,949.72,1,2024
309,24,Structural,2024-03-23,Component,Moderate,Manual Testing,56.12,3,2024
310,76,Structural,2024-05-26,Component,Moderate,Automated Testing,56.35,5,2024
311,38,Structural,2024-04-08,Internal,Minor,Manual Testing,651.35,4,2024
312,47,Cosmetic,2024-02-23,Component,Minor,Manual Testing,471.27,2,2024
313,82,Cosmetic,2024-05-29,Surface,Moderate,Visual Inspection,732.6,5,2024
314,36,Cosmetic,2024-02-19,Component,Minor,Automated Testing,865.3,2,2024
315,40,Functional,2024-01-15,Internal,Minor,Automated Testing,49.2,1,2024
316,28,Cosmetic,2024-06-09,Surface,Critical,Manual Testing,567.72,6,2024
317,31,Cosmetic,2024-01-09,Surface,Moderate,Visual Inspection,490.53,1,2024
318,34,Functional,2024-03-03,Component,Minor,Manual Testing,11.38,3,2024
319,56,Functional,2024-02-23,Component,Moderate,Visual Inspection,409.72,2,2024
320,45,Functional,2024-01-05,Component,Minor,Visual Inspection,515.07,1,2024
321,32,Structural,2024-06-06,Component,Moderate,Visual Inspection,42.44,6,2024
322,54,Functional,2024-05-30,Internal,Critical,Automated Testing,883.58,5,2024
323,44,Structural,2024-06-08,Internal,Minor,Automated Testing,624.98,6,2024
324,97,Functional,2024-04-06,Component,Minor,Manual Testing,195.74,4,2024
325,15,Functional,2024-04-15,Internal,Moderate,Manual Testing,241.22,4,2024
326,97,Cosmetic,2024-04-29,Component,Minor,Manual Testing,441.18,4,2024
327,17,Structural,2024-04-01,Component,Critical,Manual Testing,274.09,4,2024
328,91,Functional,2024-06-08,Surface,Moderate,Visual Inspection,268.52,6,2024
329,92,Structural,2024-01-02,Component,Critical,Automated Testing,170.44,1,2024
330,72,Functional,2024-03-01,Component,Moderate,Automated Testing,386.43,3,2024
331,74,Functional,2024-03-01,Surface,Minor,Manual Testing,970.98,3,2024
332,7,Functional,2024-05-16,Component,Minor,Automated Testing,751.73,5,2024
333,24,Functional,2024-04-22,Component,Minor,Automated Testing,285.85,4,2024
334,10,Structural,2024-03-15,Internal,Critical,Manual Testing,478.75,3,2024
335,26,Cosmetic,2024-02-29,Surface,Minor,Automated Testing,884.79,2,2024
336,92,Cosmetic,2024-04-13,Surface,Moderate,Automated Testing,44.73,4,2024
337,68,Cosmetic,2024-05-24,Component,Minor,Automated Testing,952.79,5,2024
338,31,Cosmetic,2024-01-03,Component,Moderate,Manual Testing,959.59,1,2024
339,41,Structural,2024-02-15,Component,Moderate,Visual Inspection,312.25,2,2024
340,95,Cosmetic,2024-06-23,Component,Minor,Visual Inspection,658.47,6,2024
341,17,Functional,2024-05-03,Surface,Minor,Manual Testing,243.25,5,2024
342,4,Cosmetic,2024-05-24,Internal,Moderate,Automated Testing,199.65,5,2024
343,96,Functional,2024-01-30,Component,Minor,Visual Inspection,471.43,1,2024
344,81,Functional,2024-02-06,Component,Moderate,Visual Inspection,756.85,2,2024
345,61,Structural,2024-05-31,Internal,Critical,Visual Inspection,369.06,5,2024
346,97,Cosmetic,2024-06-14,Surface,Minor,Manual Testing,326.19,6,2024
347,90,Functional,2024-05-19,Component,Minor,Visual Inspection,22.07,5,2024
348,29,Cosmetic,2024-04-18,Component,Critical,Visual Inspection,825.33,4,2024
349,45,Cosmetic,2024-01-20,Surface,Minor,Automated Testing,697.77,1,2024
350,33,Structural,2024-05-18,Component,Moderate,Visual Inspection,417.1,5,2024
351,44,Cosmetic,2024-06-07,Surface,Minor,Visual Inspection,74.81,6,2024
352,30,Functional,2024-02-24,Surface,Minor,Visual Inspection,104.54,2,2024
353,29,Functional,2024-06-14,Component,Critical,Manual Testing,480.07,6,2024
354,26,Structural,2024-03-13,Surface,Minor,Manual Testing,842.37,3,2024
355,18,Cosmetic,2024-03-12,Internal,Critical,Manual Testing,422.03,3,2024
356,9,Functional,2024-02-03,Internal,Critical,Visual Inspection,161.41,2,2024
357,50,Cosmetic,2024-02-08,Component,Critical,Visual Inspection,361.26,2,2024
358,71,Cosmetic,2024-05-17,Surface,Critical,Automated Testing,999.25,5,2024
359,27,Functional,2024-02-17,Internal,Critical,Automated Testing,495.53,2,2024
360,82,Functional,2024-06-02,Internal,Moderate,Visual Inspection,40.89,6,2024
361,19,Functional,2024-06-07,Component,Moderate,Manual Testing,444.31,6,2024
362,45,Structural,2024-06-20,Surface,Minor,Manual Testing,739.69,6,2024
363,12,Structural,2024-06-20,Internal,Minor,Visual Inspection,577.64,6,2024
364,54,Functional,2024-03-21,Component,Minor,Visual Inspection,230.65,3,2024
365,40,Structural,2024-04-10,Component,Minor,Manual Testing,692.1,4,2024
366,95,Functional,2024-04-04,Internal,Critical,Visual Inspection,378.29,4,2024
367,21,Functional,2024-01-23,Internal,Moderate,Visual Inspection,584.9,1,2024
368,35,Functional,2024-03-01,Internal,Moderate,Visual Inspection,39.01,3,2024
369,47,Functional,2024-01-26,Internal,Critical,Visual Inspection,899.07,1,2024
370,93,Structural,2024-01-27,Internal,Minor,Visual Inspection,96.04,1,2024
371,74,Structural,2024-01-02,Internal,Moderate,Visual Inspection,269.99,1,2024
372,76,Cosmetic,2024-05-14,Surface,Minor,Visual Inspection,996.49,5,2024
373,92,Functional,2024-01-11,Surface,Moderate,Manual Testing,573.22,1,2024
374,5,Structural,2024-06-13,Internal,Moderate,Visual Inspection,694.03,6,2024
375,48,Functional,2024-05-10,Internal,Minor,Visual Inspection,963.03,5,2024
376,54,Functional,2024-01-10,Component,Moderate,Manual Testing,118.46,1,2024
377,97,Structural,2024-01-16,Component,Moderate,Automated Testing,773.47,1,2024
378,41,Structural,2024-06-12,Surface,Minor,Visual Inspection,180.86,6,2024
379,34,Cosmetic,2024-04-05,Surface,Minor,Manual Testing,18.61,4,2024
380,25,Cosmetic,2024-04-10,Component,Critical,Manual Testing,176.96,4,2024
381,27,Cosmetic,2024-01-07,Surface,Moderate,Visual Inspection,32.44,1,2024
382,74,Cosmetic,2024-02-12,Component,Minor,Manual Testing,351.27,2,2024
383,51,Functional,2024-01-05,Component,Critical,Visual Inspection,303.16,1,2024
384,98,Cosmetic,2024-05-05,Internal,Critical,Automated Testing,404.15,5,2024
385,83,Structural,2024-01-10,Internal,Moderate,Automated Testing,800.76,1,2024
386,60,Structural,2024-01-29,Surface,Moderate,Visual Inspection,321.45,1,2024
387,84,Functional,2024-02-14,Surface,Critical,Manual Testing,510.38,2,2024
388,32,Structural,2024-02-17,Internal,Minor,Automated Testing,883.92,2,2024
389,49,Structural,2024-04-16,Internal,Minor,Automated Testing,918.87,4,2024
390,1,Structural,2024-05-19,Surface,Critical,Automated Testing,564.46,5,2024
391,7,Functional,2024-06-03,Internal,Minor,Visual Inspection,889.4,6,2024
392,81,Functional,2024-02-25,Component,Critical,Automated Testing,197.87,2,2024
393,24,Cosmetic,2024-06-09,Surface,Critical,Visual Inspection,786.6,6,2024
394,37,Functional,2024-05-04,Internal,Moderate,Manual Testing,740.36,5,2024
395,81,Functional,2024-03-05,Surface,Critical,Automated Testing,667.24,3,2024
396,84,Cosmetic,2024-01-09,Surface,Critical,Visual Inspection,77.72,1,2024
397,79,Functional,2024-04-16,Surface,Moderate,Visual Inspection,106.59,4,2024
398,3,Structural,2024-02-20,Surface,Minor,Manual Testing,529.16,2,2024
399,50,Functional,2024-04-07,Surface,Critical,Manual Testing,94.34,4,2024
400,44,Cosmetic,2024-04-12,Component,Moderate,Manual Testing,97.53,4,2024
401,34,Functional,2024-04-19,Internal,Critical,Automated Testing,500.88,4,2024
402,41,Functional,2024-02-23,Internal,Minor,Manual Testing,477.42,2,2024
403,6,Cosmetic,2024-05-09,Surface,Minor,Manual Testing,810.57,5,2024
404,47,Structural,2024-05-01,Surface,Minor,Automated Testing,945.16,5,2024
405,4,Functional,2024-03-24,Internal,Minor,Visual Inspection,325.31,3,2024
406,39,Functional,2024-04-11,Component,Moderate,Visual Inspection,810.44,4,2024
407,10,Functional,2024-05-30,Internal,Critical,Visual Inspection,623.76,5,2024
408,45,Structural,2024-06-24,Internal,Minor,Visual Inspection,375.28,6,2024
409,46,Functional,2024-03-05,Surface,Minor,Automated Testing,474.48,3,2024
410,5,Cosmetic,2024-03-13,Surface,Moderate,Visual Inspection,636.39,3,2024
411,86,Functional,2024-02-28,Component,Minor,Visual Inspection,957.36,2,2024
412,97,Functional,2024-02-02,Internal,Minor,Automated Testing,66.98,2,2024
413,20,Structural,2024-04-05,Internal,Minor,Visual Inspection,608.64,4,2024
414,36,Structural,2024-02-04,Component,Moderate,Automated Testing,75.93,2,2024
415,7,Structural,2024-06-12,Component,Critical,Automated Testing,477.58,6,2024
416,53,Cosmetic,2024-05-17,Component,Moderate,Automated Testing,252.11,5,2024
417,37,Cosmetic,2024-04-16,Component,Critical,Visual Inspection,987.71,4,2024
418,81,Functional,2024-03-23,Internal,Moderate,Manual Testing,464.04,3,2024
419,61,Functional,2024-02-13,Component,Minor,Visual Inspection,694.29,2,2024
420,56,Structural,2024-04-20,Surface,Critical,Automated Testing,829.49,4,2024
421,79,Functional,2024-01-09,Internal,Minor,Visual Inspection,466.04,1,2024
422,12,Functional,2024-04-11,Internal,Moderate,Manual Testing,101.05,4,2024
423,66,Cosmetic,2024-01-04,Internal,Critical,Automated Testing,748.29,1,2024
424,27,Structural,2024-03-27,Component,Moderate,Visual Inspection,438.54,3,2024
425,88,Functional,2024-02-25,Component,Moderate,Visual Inspection,834.57,2,2024
426,62,Functional,2024-05-23,Internal,Critical,Manual Testing,655.02,5,2024
427,10,Structural,2024-03-22,Surface,Critical,Manual Testing,342.61,3,2024
428,61,Structural,2024-03-26,Internal,Critical,Visual Inspection,539.5,3,2024
429,15,Functional,2024-06-19,Component,Moderate,Visual Inspection,487.41,6,2024
430,72,Structural,2024-06-27,Surface,Minor,Automated Testing,212.86,6,2024
431,77,Functional,2024-05-13,Surface,Critical,Visual Inspection,873.59,5,2024
432,56,Cosmetic,2024-02-25,Surface,Moderate,Automated Testing,389.21,2,2024
433,18,Cosmetic,2024-05-03,Component,Minor,Automated Testing,34.48,5,2024
434,42,Functional,2024-05-12,Surface,Minor,Manual Testing,235.97,5,2024
435,41,Structural,2024-04-08,Surface,Moderate,Visual Inspection,575.15,4,2024
436,44,Structural,2024-06-18,Surface,Minor,Visual Inspection,182.54,6,2024
437,82,Cosmetic,2024-05-06,Component,Minor,Automated Testing,752.8,5,2024
438,39,Functional,2024-01-12,Component,Critical,Visual Inspection,214.33,1,2024
439,63,Functional,2024-03-13,Surface,Moderate,Visual Inspection,716.26,3,2024
440,78,Structural,2024-03-03,Surface,Critical,Visual Inspection,608.46,3,2024
441,92,Structural,2024-06-18,Internal,Moderate,Automated Testing,255.47,6,2024
442,92,Structural,2024-02-06,Component,Minor,Manual Testing,914.32,2,2024
443,16,Cosmetic,2024-06-25,Internal,Critical,Automated Testing,519.15,6,2024
444,63,Functional,2024-02-08,Internal,Moderate,Manual Testing,816.09,2,2024
445,65,Functional,2024-03-23,Component,Minor,Manual Testing,481.11,3,2024
446,60,Cosmetic,2024-01-20,Component,Moderate,Automated Testing,780.05,1,2024
447,58,Structural,2024-01-09,Internal,Minor,Automated Testing,750.51,1,2024
448,69,Functional,2024-05-10,Component,Moderate,Manual Testing,908.59,5,2024
449,7,Functional,2024-03-10,Component,Moderate,Visual Inspection,705.47,3,2024
450,80,Functional,2024-04-23,Internal,Minor,Automated Testing,406.28,4,2024
451,55,Functional,2024-01-02,Internal,Critical,Manual Testing,295.41,1,2024
452,6,Structural,2024-03-04,Internal,Critical,Visual Inspection,903.36,3,2024
453,86,Structural,2024-05-17,Component,Moderate,Manual Testing,803.65,5,2024
454,70,Functional,2024-03-30,Component,Moderate,Automated Testing,359.69,3,2024
455,50,Structural,2024-03-30,Component,Moderate,Manual Testing,699.69,3,2024
456,20,Structural,2024-04-05,Surface,Critical,Manual Testing,281.81,4,2024
457,63,Structural,2024-04-11,Surface,Minor,Automated Testing,896.04,4,2024
458,66,Functional,2024-04-23,Internal,Moderate,Visual Inspection,587.69,4,2024
459,64,Functional,2024-02-26,Component,Moderate,Automated Testing,623.52,2,2024
460,66,Structural,2024-06-11,Component,Minor,Visual Inspection,668.05,6,2024
461,95,Functional,2024-03-02,Internal,Minor,Visual Inspection,571.02,3,2024
462,56,Structural,2024-02-18,Internal,Minor,Manual Testing,918.39,2,2024
463,75,Functional,2024-03-15,Surface,Minor,Automated Testing,669.62,3,2024
464,81,Functional,2024-01-27,Component,Moderate,Visual Inspection,581.01,1,2024
465,39,Structural,2024-05-20,Internal,Minor,Manual Testing,899.45,5,2024
466,57,Cosmetic,2024-01-05,Surface,Critical,Visual Inspection,764.59,1,2024
467,83,Cosmetic,2024-02-28,Internal,Moderate,Automated Testing,150.16,2,2024
468,98,Functional,2024-03-26,Internal,Minor,Visual Inspection,791.72,3,2024
469,90,Functional,2024-04-28,Surface,Moderate,Manual Testing,15.1,4,2024
470,76,Structural,2024-02-22,Component,Minor,Visual Inspection,466.92,2,2024
471,89,Cosmetic,2024-03-24,Internal,Minor,Manual Testing,833.02,3,2024
472,43,Functional,2024-03-24,Internal,Critical,Visual Inspection,907.98,3,2024
473,38,Structural,2024-02-25,Internal,Minor,Manual Testing,652.85,2,2024
474,62,Cosmetic,2024-02-04,Component,Moderate,Automated Testing,618.88,2,2024
475,97,Cosmetic,2024-03-16,Surface,Moderate,Manual Testing,140.36,3,2024
476,86,Cosmetic,2024-02-01,Internal,Critical,Visual Inspection,683.68,2,2024
477,38,Functional,2024-02-23,Component,Critical,Visual Inspection,613.47,2,2024
478,58,Functional,2024-01-18,Surface,Moderate,Visual Inspection,895.11,1,2024
479,32,Cosmetic,2024-06-07,Component,Critical,Visual Inspection,515.94,6,2024
480,78,Functional,2024-01-07,Internal,Minor,Automated Testing,293.09,1,2024
481,66,Cosmetic,2024-06-02,Surface,Critical,Automated Testing,689.42,6,2024
482,68,Structural,2024-06-16,Surface,Critical,Visual Inspection,148.53,6,2024
483,10,Structural,2024-02-17,Component,Moderate,Visual Inspection,933.3,2,2024
484,77,Cosmetic,2024-02-10,Internal,Minor,Manual Testing,336.75,2,2024
485,50,Structural,2024-02-29,Surface,Minor,Manual Testing,223.73,2,2024
486,97,Cosmetic,2024-03-29,Internal,Critical,Automated Testing,236.47,3,2024
487,26,Cosmetic,2024-03-13,Internal,Critical,Manual Testing,647.11,3,2024
488,51,Cosmetic,2024-04-04,Surface,Minor,Automated Testing,268.57,4,2024
489,57,Cosmetic,2024-05-10,Internal,Minor,Visual Inspection,405.89,5,2024
490,12,Functional,2024-03-11,Internal,Minor,Manual Testing,643.98,3,2024
491,90,Functional,2024-02-19,Internal,Critical,Manual Testing,183.11,2,2024
492,79,Functional,2024-04-21,Component,Moderate,Visual Inspection,878.64,4,2024
493,58,Functional,2024-06-09,Component,Critical,Manual Testing,702.09,6,2024
494,31,Structural,2024-03-01,Internal,Critical,Visual Inspection,823.59,3,2024
495,49,Structural,2024-01-28,Surface,Moderate,Automated Testing,294.56,1,2024
496,6,Functional,2024-01-16,Internal,Critical,Visual Inspection,533.14,1,2024
497,49,Functional,2024-03-28,Component,Critical,Visual Inspection,975.5,3,2024
498,87,Cosmetic,2024-06-17,Internal,Moderate,Visual Inspection,707.21,6,2024
499,60,Cosmetic,2024-04-01,Surface,Moderate,Visual Inspection,775.91,4,2024
500,100,Functional,2024-04-19,Surface,Moderate,Manual Testing,617.36,4,2024
501,46,Structural,2024-01-13,Surface,Minor,Visual Inspection,922.52,1,2024
502,62,Structural,2024-04-26,Surface,Minor,Automated Testing,81.91,4,2024
503,91,Cosmetic,2024-06-13,Surface,Critical,Manual Testing,40.19,6,2024
504,74,Cosmetic,2024-05-26,Internal,Moderate,Manual Testing,943.79,5,2024
505,92,Structural,2024-04-11,Surface,Minor,Visual Inspection,411.9,4,2024
506,66,Structural,2024-05-05,Internal,Critical,Visual Inspection,759.53,5,2024
507,81,Cosmetic,2024-01-15,Component,Critical,Manual Testing,368.11,1,2024
508,41,Functional,2024-04-04,Surface,Moderate,Visual Inspection,27.9,4,2024
509,91,Structural,2024-04-21,Internal,Critical,Automated Testing,670.09,4,2024
510,35,Functional,2024-05-24,Internal,Critical,Automated Testing,790.76,5,2024
511,12,Cosmetic,2024-06-20,Internal,Moderate,Manual Testing,769.88,6,2024
512,77,Cosmetic,2024-05-06,Internal,Critical,Automated Testing,262.6,5,2024
513,11,Cosmetic,2024-03-23,Surface,Moderate,Visual Inspection,520.44,3,2024
514,93,Structural,2024-05-19,Component,Minor,Visual Inspection,624.75,5,2024
515,3,Structural,2024-03-22,Internal,Moderate,Manual Testing,496.27,3,2024
516,43,Functional,2024-06-20,Component,Moderate,Automated Testing,368.54,6,2024
517,88,Cosmetic,2024-06-12,Internal,Moderate,Manual Testing,942.94,6,2024
518,4,Cosmetic,2024-03-28,Internal,Critical,Automated Testing,449.63,3,2024
519,96,Functional,2024-06-18,Internal,Critical,Manual Testing,117.82,6,2024
520,75,Functional,2024-05-12,Internal,Critical,Visual Inspection,300.05,5,2024
521,86,Structural,2024-01-07,Surface,Critical,Visual Inspection,975.1,1,2024
522,70,Structural,2024-01-13,Surface,Critical,Manual Testing,74.36,1,2024
523,6,Functional,2024-01-08,Component,Moderate,Automated Testing,924.05,1,2024
524,14,Cosmetic,2024-02-10,Surface,Minor,Visual Inspection,132.39,2,2024
525,77,Functional,2024-02-24,Surface,Critical,Manual Testing,893.77,2,2024
526,65,Structural,2024-02-10,Surface,Minor,Manual Testing,142.64,2,2024
527,70,Structural,2024-04-19,Component,Minor,Manual Testing,368.94,4,2024
528,8,Functional,2024-06-10,Internal,Minor,Automated Testing,997.03,6,2024
529,54,Structural,2024-01-02,Surface,Minor,Manual Testing,496.1,1,2024
530,98,Functional,2024-02-02,Surface,Critical,Automated Testing,798.12,2,2024
531,82,Cosmetic,2024-02-08,Internal,Critical,Visual Inspection,572.74,2,2024
532,6,Structural,2024-02-10,Surface,Critical,Manual Testing,53.77,2,2024
533,49,Cosmetic,2024-04-03,Surface,Minor,Visual Inspection,369.83,4,2024
534,14,Cosmetic,2024-04-11,Surface,Minor,Visual Inspection,398.17,4,2024
535,88,Structural,2024-03-21,Internal,Critical,Automated Testing,825.57,3,2024
536,8,Functional,2024-05-13,Internal,Critical,Automated Testing,201.88,5,2024
537,91,Cosmetic,2024-06-13,Component,Critical,Visual Inspection,47.47,6,2024
538,1,Structural,2024-05-11,Component,Moderate,Automated Testing,856.33,5,2024
539,15,Cosmetic,2024-05-12,Internal,Moderate,Manual Testing,497.65,5,2024
540,20,Cosmetic,2024-02-14,Internal,Minor,Manual Testing,908.53,2,2024
541,16,Cosmetic,2024-04-29,Component,Critical,Manual Testing,371.88,4,2024
542,49,Functional,2024-06-25,Surface,Moderate,Manual Testing,960.15,6,2024
543,76,Structural,2024-03-18,Component,Minor,Visual Inspection,73.55,3,2024
544,56,Cosmetic,2024-01-12,Component,Minor,Automated Testing,615.43,1,2024
545,21,Structural,2024-06-17,Component,Minor,Visual Inspection,619.02,6,2024
546,17,Functional,2024-01-15,Component,Minor,Manual Testing,677.64,1,2024
547,10,Cosmetic,2024-02-25,Surface,Moderate,Visual Inspection,684.16,2,2024
548,90,Functional,2024-03-26,Internal,Critical,Automated Testing,536.37,3,2024
549,8,Cosmetic,2024-01-22,Surface,Minor,Visual Inspection,47.22,1,2024
550,27,Structural,2024-05-26,Surface,Minor,Automated Testing,704.44,5,2024
551,87,Functional,2024-04-15,Surface,Minor,Automated Testing,512.02,4,2024
552,93,Structural,2024-06-04,Component,Minor,Automated Testing,36.04,6,2024
553,12,Functional,2024-01-10,Surface,Critical,Manual Testing,811.65,1,2024
554,30,Functional,2024-01-28,Internal,Critical,Automated Testing,900.37,1,2024
555,4,Functional,2024-03-06,Component,Minor,Automated Testing,644.51,3,2024
556,71,Functional,2024-02-11,Surface,Minor,Visual Inspection,355.85,2,2024
557,97,Functional,2024-03-03,Internal,Minor,Manual Testing,945.18,3,2024
558,12,Structural,2024-04-13,Internal,Minor,Visual Inspection,201.79,4,2024
559,17,Cosmetic,2024-02-26,Internal,Minor,Manual Testing,73.0,2,2024
560,94,Cosmetic,2024-01-09,Surface,Moderate,Manual Testing,769.57,1,2024
561,45,Functional,2024-03-27,Surface,Moderate,Automated Testing,930.11,3,2024
562,72,Cosmetic,2024-01-15,Internal,Moderate,Manual Testing,554.98,1,2024
563,56,Functional,2024-02-13,Component,Minor,Automated Testing,826.59,2,2024
564,93,Functional,2024-02-18,Surface,Critical,Manual Testing,362.82,2,2024
565,58,Structural,2024-01-15,Surface,Minor,Manual Testing,946.8,1,2024
566,96,Cosmetic,2024-02-17,Internal,Minor,Automated Testing,192.28,2,2024
567,38,Functional,2024-04-04,Internal,Critical,Automated Testing,383.41,4,2024
568,62,Structural,2024-03-19,Surface,Minor,Automated Testing,132.83,3,2024
569,97,Functional,2024-05-14,Component,Critical,Automated Testing,904.32,5,2024
570,12,Cosmetic,2024-03-22,Internal,Critical,Visual Inspection,944.63,3,2024
571,47,Functional,2024-04-19,Surface,Critical,Manual Testing,524.5,4,2024
572,73,Structural,2024-02-17,Internal,Critical,Visual Inspection,976.75,2,2024
573,46,Cosmetic,2024-02-27,Internal,Critical,Visual Inspection,508.94,2,2024
574,5,Functional,2024-01-21,Component,Critical,Visual Inspection,565.86,1,2024
575,72,Functional,2024-03-07,Component,Minor,Visual Inspection,151.62,3,2024
576,99,Structural,2024-04-10,Surface,Critical,Automated Testing,394.88,4,2024
577,1,Functional,2024-04-21,Surface,Critical,Visual Inspection,404.22,4,2024
578,26,Structural,2024-06-09,Component,Minor,Visual Inspection,564.82,6,2024
579,100,Structural,2024-04-12,Internal,Minor,Manual Testing,722.21,4,2024
580,15,Structural,2024-03-04,Internal,Moderate,Visual Inspection,16.05,3,2024
581,9,Functional,2024-06-20,Internal,Moderate,Manual Testing,666.31,6,2024
582,80,Cosmetic,2024-06-08,Component,Moderate,Automated Testing,346.73,6,2024
583,86,Structural,2024-06-29,Internal,Moderate,Automated Testing,138.42,6,2024
584,42,Structural,2024-06-29,Component,Minor,Visual Inspection,663.53,6,2024
585,19,Structural,2024-06-01,Surface,Critical,Automated Testing,150.78,6,2024
586,97,Cosmetic,2024-03-11,Surface,Critical,Automated Testing,503.25,3,2024
587,68,Structural,2024-02-03,Surface,Moderate,Manual Testing,576.57,2,2024
588,40,Structural,2024-02-26,Surface,Moderate,Visual Inspection,204.6,2,2024
589,8,Structural,2024-03-03,Internal,Moderate,Visual Inspection,410.72,3,2024
590,90,Structural,2024-02-17,Component,Minor,Manual Testing,50.38,2,2024
591,90,Functional,2024-02-09,Surface,Moderate,Manual Testing,400.31,2,2024
592,7,Structural,2024-06-01,Internal,Minor,Automated Testing,301.7,6,2024
593,73,Functional,2024-06-23,Surface,Moderate,Visual Inspection,64.74,6,2024
594,96,Cosmetic,2024-01-14,Surface,Moderate,Automated Testing,485.27,1,2024
595,60,Cosmetic,2024-06-21,Surface,Moderate,Automated Testing,194.44,6,2024
596,74,Structural,2024-06-16,Internal,Moderate,Automated Testing,891.01,6,2024
597,26,Cosmetic,2024-04-19,Internal,Critical,Automated Testing,267.51,4,2024
598,50,Functional,2024-06-08,Component,Critical,Automated Testing,151.43,6,2024
599,36,Functional,2024-04-20,Internal,Critical,Manual Testing,297.76,4,2024
600,46,Cosmetic,2024-04-21,Component,Critical,Manual Testing,663.35,4,2024
601,46,Structural,2024-04-24,Internal,Moderate,Visual Inspection,927.75,4,2024
602,74,Cosmetic,2024-02-10,Surface,Moderate,Visual Inspection,283.6,2,2024
603,45,Structural,2024-03-21,Surface,Moderate,Manual Testing,919.65,3,2024
604,100,Functional,2024-03-25,Surface,Critical,Visual Inspection,302.29,3,2024
605,63,Functional,2024-05-27,Surface,Moderate,Automated Testing,309.53,5,2024
606,63,Structural,2024-04-13,Surface,Minor,Manual Testing,478.6,4,2024
607,75,Cosmetic,2024-05-30,Component,Minor,Visual Inspection,419.58,5,2024
608,5,Cosmetic,2024-03-25,Surface,Minor,Automated Testing,685.3,3,2024
609,5,Structural,2024-05-06,Internal,Critical,Visual Inspection,390.64,5,2024
610,81,Cosmetic,2024-05-12,Internal,Minor,Manual Testing,837.9,5,2024
611,80,Functional,2024-01-20,Internal,Minor,Manual Testing,67.82,1,2024
612,56,Structural,2024-04-13,Internal,Minor,Manual Testing,21.12,4,2024
613,68,Structural,2024-01-08,Surface,Moderate,Visual Inspection,700.72,1,2024
614,67,Cosmetic,2024-01-18,Surface,Critical,Manual Testing,893.3,1,2024
615,53,Cosmetic,2024-03-02,Surface,Moderate,Automated Testing,736.75,3,2024
616,81,Functional,2024-03-09,Internal,Critical,Manual Testing,803.54,3,2024
617,47,Functional,2024-03-23,Internal,Moderate,Automated Testing,21.17,3,2024
618,92,Functional,2024-02-29,Component,Minor,Manual Testing,678.59,2,2024
619,87,Functional,2024-02-18,Component,Moderate,Automated Testing,220.01,2,2024
620,51,Cosmetic,2024-02-03,Internal,Critical,Manual Testing,251.67,2,2024
621,61,Structural,2024-04-10,Surface,Critical,Manual Testing,808.85,4,2024
622,87,Structural,2024-01-06,Internal,Minor,Manual Testing,537.35,1,2024
623,8,Cosmetic,2024-04-06,Component,Moderate,Manual Testing,178.3,4,2024
624,56,Cosmetic,2024-01-09,Internal,Critical,Visual Inspection,638.8,1,2024
625,98,Functional,2024-06-24,Internal,Critical,Automated Testing,770.66,6,2024
626,7,Structural,2024-04-19,Component,Minor,Visual Inspection,289.27,4,2024
627,24,Structural,2024-05-15,Component,Minor,Automated Testing,779.02,5,2024
628,23,Structural,2024-01-04,Surface,Moderate,Automated Testing,704.06,1,2024
629,43,Functional,2024-04-16,Internal,Critical,Visual Inspection,546.42,4,2024
630,95,Functional,2024-06-23,Component,Moderate,Visual Inspection,780.89,6,2024
631,13,Cosmetic,2024-05-03,Surface,Minor,Manual Testing,303.08,5,2024
632,72,Structural,2024-05-04,Internal,Minor,Automated Testing,557.57,5,2024
633,28,Functional,2024-01-28,Component,Minor,Manual Testing,222.11,1,2024
634,94,Functional,2024-05-23,Internal,Minor,Visual Inspection,575.47,5,2024
635,60,Structural,2024-06-14,Component,Minor,Automated Testing,478.44,6,2024
636,17,Functional,2024-02-05,Surface,Moderate,Visual Inspection,32.62,2,2024
637,21,Functional,2024-05-29,Component,Critical,Automated Testing,121.29,5,2024
638,89,Cosmetic,2024-04-07,Component,Moderate,Automated Testing,967.29,4,2024
639,43,Cosmetic,2024-01-17,Surface,Moderate,Visual Inspection,200.29,1,2024
640,5,Cosmetic,2024-06-21,Internal,Minor,Automated Testing,185.0,6,2024
641,7,Functional,2024-01-30,Internal,Moderate,Manual Testing,959.61,1,2024
642,28,Structural,2024-01-26,Component,Critical,Visual Inspection,170.66,1,2024
643,27,Cosmetic,2024-06-17,Component,Minor,Visual Inspection,563.94,6,2024
644,58,Cosmetic,2024-06-08,Internal,Minor,Automated Testing,52.03,6,2024
645,33,Functional,2024-06-07,Component,Critical,Automated Testing,474.62,6,2024
646,20,Structural,2024-01-14,Surface,Moderate,Visual Inspection,263.76,1,2024
647,11,Cosmetic,2024-05-03,Component,Moderate,Automated Testing,758.91,5,2024
648,31,Cosmetic,2024-01-09,Component,Critical,Visual Inspection,59.04,1,2024
649,76,Cosmetic,2024-01-11,Internal,Moderate,Visual Inspection,647.01,1,2024
650,32,Cosmetic,2024-05-21,Internal,Moderate,Manual Testing,451.58,5,2024
651,34,Structural,2024-02-09,Internal,Minor,Manual Testing,221.25,2,2024
652,66,Cosmetic,2024-04-19,Component,Critical,Manual Testing,194.9,4,2024
653,62,Functional,2024-02-29,Surface,Minor,Automated Testing,433.75,2,2024
654,86,Cosmetic,2024-06-19,Surface,Critical,Automated Testing,264.85,6,2024
655,91,Cosmetic,2024-03-16,Surface,Moderate,Automated Testing,230.68,3,2024
656,63,Cosmetic,2024-06-21,Surface,Minor,Visual Inspection,836.11,6,2024
657,73,Structural,2024-03-27,Surface,Critical,Manual Testing,703.94,3,2024
658,94,Structural,2024-06-09,Surface,Moderate,Visual Inspection,814.84,6,2024
659,88,Structural,2024-01-19,Component,Minor,Visual Inspection,153.25,1,2024
660,12,Functional,2024-03-28,Internal,Minor,Visual Inspection,324.09,3,2024
661,48,Structural,2024-02-06,Component,Moderate,Visual Inspection,436.9,2,2024
662,35,Cosmetic,2024-06-17,Surface,Minor,Manual Testing,917.26,6,2024
663,25,Cosmetic,2024-01-13,Component,Critical,Automated Testing,45.26,1,2024
664,47,Functional,2024-01-26,Surface,Critical,Visual Inspection,416.2,1,2024
665,55,Functional,2024-05-16,Component,Minor,Manual Testing,246.83,5,2024
666,45,Structural,2024-01-03,Component,Critical,Visual Inspection,824.28,1,2024
667,12,Cosmetic,2024-06-02,Surface,Minor,Visual Inspection,680.74,6,2024
668,33,Structural,2024-02-26,Surface,Critical,Automated Testing,376.62,2,2024
669,3,Functional,2024-01-10,Surface,Moderate,Manual Testing,400.79,1,2024
670,15,Structural,2024-02-19,Component,Critical,Visual Inspection,496.72,2,2024
671,45,Structural,2024-04-21,Component,Moderate,Manual Testing,369.13,4,2024
672,16,Functional,2024-05-19,Internal,Moderate,Automated Testing,916.45,5,2024
673,63,Functional,2024-05-01,Internal,Minor,Visual Inspection,152.08,5,2024
674,63,Structural,2024-01-06,Surface,Moderate,Visual Inspection,373.52,1,2024
675,96,Cosmetic,2024-05-12,Surface,Critical,Visual Inspection,345.64,5,2024
676,4,Cosmetic,2024-04-06,Internal,Critical,Visual Inspection,33.95,4,2024
677,2,Structural,2024-01-04,Component,Critical,Visual Inspection,478.44,1,2024
678,19,Functional,2024-03-20,Component,Critical,Manual Testing,884.03,3,2024
679,61,Structural,2024-01-23,Internal,Critical,Visual Inspection,113.64,1,2024
680,5,Structural,2024-01-19,Component,Moderate,Visual Inspection,479.38,1,2024
681,8,Structural,2024-01-16,Internal,Critical,Visual Inspection,395.56,1,2024
682,6,Structural,2024-01-13,Component,Moderate,Manual Testing,290.66,1,2024
683,18,Cosmetic,2024-02-25,Component,Minor,Visual Inspection,309.32,2,2024
684,33,Structural,2024-03-16,Component,Moderate,Manual Testing,28.05,3,2024
685,40,Structural,2024-06-24,Surface,Critical,Visual Inspection,37.69,6,2024
686,35,Cosmetic,2024-01-23,Internal,Critical,Automated Testing,293.44,1,2024
687,99,Functional,2024-03-16,Component,Minor,Visual Inspection,249.02,3,2024
688,65,Structural,2024-02-18,Surface,Minor,Manual Testing,327.88,2,2024
689,56,Cosmetic,2024-03-09,Surface,Critical,Manual Testing,749.31,3,2024
690,96,Cosmetic,2024-05-26,Component,Minor,Automated Testing,19.23,5,2024
691,4,Functional,2024-05-31,Internal,Critical,Manual Testing,470.43,5,2024
692,67,Cosmetic,2024-02-18,Component,Critical,Automated Testing,135.49,2,2024
693,95,Structural,2024-06-26,Component,Minor,Manual Testing,531.4,6,2024
694,18,Cosmetic,2024-02-16,Surface,Critical,Manual Testing,205.83,2,2024
695,97,Cosmetic,2024-04-20,Component,Moderate,Visual Inspection,547.02,4,2024
696,84,Functional,2024-01-06,Component,Moderate,Visual Inspection,459.29,1,2024
697,51,Cosmetic,2024-04-02,Surface,Critical,Manual Testing,762.32,4,2024
698,34,Cosmetic,2024-03-29,Component,Moderate,Visual Inspection,684.85,3,2024
699,1,Cosmetic,2024-04-04,Component,Critical,Automated Testing,940.9,4,2024
700,41,Cosmetic,2024-02-13,Surface,Minor,Manual Testing,894.66,2,2024
701,67,Functional,2024-03-30,Component,Minor,Manual Testing,10.44,3,2024
702,43,Cosmetic,2024-04-20,Component,Minor,Visual Inspection,878.23,4,2024
703,34,Structural,2024-01-31,Internal,Minor,Automated Testing,164.64,1,2024
704,7,Structural,2024-02-02,Internal,Critical,Visual Inspection,132.46,2,2024
705,54,Functional,2024-02-03,Internal,Moderate,Automated Testing,789.51,2,2024
706,37,Functional,2024-05-24,Component,Moderate,Visual Inspection,969.4,5,2024
707,86,Functional,2024-03-14,Surface,Critical,Automated Testing,667.18,3,2024
708,22,Functional,2024-04-09,Component,Minor,Manual Testing,781.35,4,2024
709,79,Functional,2024-03-10,Component,Minor,Automated Testing,711.6,3,2024
710,4,Cosmetic,2024-06-26,Surface,Moderate,Visual Inspection,91.9,6,2024
711,36,Cosmetic,2024-05-28,Internal,Minor,Manual Testing,767.74,5,2024
712,74,Structural,2024-03-30,Surface,Minor,Visual Inspection,535.88,3,2024
713,36,Structural,2024-02-29,Internal,Critical,Automated Testing,390.43,2,2024
714,66,Cosmetic,2024-06-04,Component,Minor,Visual Inspection,932.34,6,2024
715,27,Functional,2024-04-21,Surface,Moderate,Manual Testing,763.5,4,2024
716,86,Structural,2024-04-05,Surface,Minor,Visual Inspection,438.58,4,2024
717,84,Cosmetic,2024-01-01,Internal,Minor,Manual Testing,147.94,1,2024
718,33,Cosmetic,2024-03-11,Internal,Minor,Automated Testing,967.35,3,2024
719,18,Cosmetic,2024-04-04,Internal,Minor,Manual Testing,909.42,4,2024
720,77,Functional,2024-02-02,Internal,Moderate,Manual Testing,617.24,2,2024
721,44,Cosmetic,2024-04-26,Component,Moderate,Manual Testing,552.0,4,2024
722,76,Structural,2024-03-10,Internal,Minor,Manual Testing,746.64,3,2024
723,25,Structural,2024-01-27,Internal,Critical,Visual Inspection,133.43,1,2024
724,58,Structural,2024-02-21,Surface,Moderate,Manual Testing,437.82,2,2024
725,15,Cosmetic,2024-03-27,Surface,Minor,Visual Inspection,713.29,3,2024
726,24,Cosmetic,2024-02-25,Surface,Critical,Automated Testing,321.04,2,2024
727,92,Functional,2024-01-12,Surface,Minor,Automated Testing,988.41,1,2024
728,5,Structural,2024-01-10,Component,Critical,Manual Testing,164.56,1,2024
729,74,Structural,2024-02-28,Component,Moderate,Manual Testing,357.07,2,2024
730,31,Structural,2024-03-19,Surface,Minor,Automated Testing,189.23,3,2024
731,37,Cosmetic,2024-05-30,Component,Moderate,Manual Testing,840.24,5,2024
732,44,Structural,2024-02-21,Internal,Minor,Automated Testing,630.5,2,2024
733,28,Functional,2024-02-06,Surface,Moderate,Manual Testing,584.54,2,2024
734,85,Functional,2024-02-16,Surface,Moderate,Automated Testing,995.47,2,2024
735,60,Structural,2024-02-12,Surface,Critical,Manual Testing,894.31,2,2024
736,63,Functional,2024-01-21,Component,Minor,Automated Testing,420.57,1,2024
737,46,Structural,2024-04-14,Component,Moderate,Visual Inspection,71.86,4,2024
738,81,Structural,2024-05-04,Internal,Minor,Manual Testing,895.96,5,2024
739,98,Cosmetic,2024-02-04,Component,Moderate,Manual Testing,491.28,2,2024
740,79,Functional,2024-04-23,Internal,Moderate,Manual Testing,63.99,4,2024
741,91,Cosmetic,2024-04-06,Internal,Minor,Visual Inspection,409.99,4,2024
742,51,Cosmetic,2024-01-06,Internal,Critical,Automated Testing,391.78,1,2024
743,27,Cosmetic,2024-01-24,Internal,Minor,Manual Testing,921.78,1,2024
744,30,Cosmetic,2024-06-10,Component,Minor,Manual Testing,789.34,6,2024
745,97,Cosmetic,2024-05-08,Internal,Moderate,Visual Inspection,862.7,5,2024
746,93,Structural,2024-02-09,Component,Minor,Manual Testing,395.02,2,2024
747,52,Cosmetic,2024-03-03,Surface,Minor,Visual Inspection,507.39,3,2024
748,41,Cosmetic,2024-02-14,Internal,Moderate,Manual Testing,990.02,2,2024
749,64,Functional,2024-06-17,Component,Minor,Visual Inspection,466.97,6,2024
750,9,Functional,2024-03-23,Surface,Moderate,Manual Testing,49.52,3,2024
751,42,Functional,2024-01-14,Component,Minor,Manual Testing,543.93,1,2024
752,81,Functional,2024-05-12,Surface,Moderate,Automated Testing,688.91,5,2024
753,83,Cosmetic,2024-01-08,Surface,Critical,Visual Inspection,140.96,1,2024
754,17,Structural,2024-01-13,Component,Minor,Manual Testing,624.69,1,2024
755,90,Cosmetic,2024-01-01,Component,Critical,Manual Testing,317.5,1,2024
756,77,Functional,2024-06-12,Component,Minor,Manual Testing,363.84,6,2024
757,40,Functional,2024-03-17,Surface,Moderate,Manual Testing,472.15,3,2024
758,12,Cosmetic,2024-01-22,Internal,Moderate,Automated Testing,765.19,1,2024
759,40,Cosmetic,2024-03-23,Surface,Moderate,Manual Testing,551.79,3,2024
760,31,Structural,2024-06-22,Surface,Critical,Manual Testing,950.2,6,2024
761,67,Functional,2024-01-05,Component,Critical,Automated Testing,749.01,1,2024
762,27,Cosmetic,2024-02-15,Internal,Critical,Manual Testing,917.24,2,2024
763,44,Cosmetic,2024-04-24,Component,Minor,Automated Testing,527.76,4,2024
764,40,Structural,2024-04-26,Internal,Minor,Visual Inspection,615.24,4,2024
765,70,Structural,2024-04-26,Component,Minor,Visual Inspection,610.26,4,2024
766,49,Cosmetic,2024-04-06,Component,Moderate,Visual Inspection,305.36,4,2024
767,81,Structural,2024-03-23,Component,Minor,Automated Testing,753.7,3,2024
768,48,Cosmetic,2024-01-09,Internal,Moderate,Visual Inspection,67.49,1,2024
769,83,Structural,2024-06-26,Component,Minor,Visual Inspection,655.26,6,2024
770,56,Structural,2024-04-24,Surface,Moderate,Visual Inspection,119.28,4,2024
771,97,Structural,2024-01-13,Internal,Critical,Manual Testing,617.35,1,2024
772,1,Cosmetic,2024-06-11,Surface,Critical,Manual Testing,514.52,6,2024
773,57,Functional,2024-03-30,Component,Minor,Automated Testing,552.3,3,2024
774,35,Structural,2024-03-17,Surface,Critical,Manual Testing,957.27,3,2024
775,22,Cosmetic,2024-05-16,Surface,Minor,Visual Inspection,379.78,5,2024
776,37,Structural,2024-05-02,Surface,Minor,Automated Testing,20.93,5,2024
777,59,Functional,2024-05-31,Component,Moderate,Visual Inspection,698.16,5,2024
778,31,Functional,2024-01-16,Component,Critical,Manual Testing,270.7,1,2024
779,71,Structural,2024-03-24,Internal,Critical,Manual Testing,733.76,3,2024
780,81,Functional,2024-02-05,Surface,Minor,Manual Testing,918.81,2,2024
781,10,Cosmetic,2024-05-30,Component,Minor,Manual Testing,830.39,5,2024
782,92,Functional,2024-04-04,Internal,Moderate,Visual Inspection,429.08,4,2024
783,73,Cosmetic,2024-04-09,Internal,Moderate,Automated Testing,800.91,4,2024
784,2,Functional,2024-03-30,Surface,Moderate,Automated Testing,36.5,3,2024
785,63,Cosmetic,2024-04-07,Surface,Moderate,Visual Inspection,861.84,4,2024
786,54,Cosmetic,2024-06-24,Surface,Minor,Automated Testing,947.21,6,2024
787,36,Functional,2024-01-23,Surface,Minor,Manual Testing,37.44,1,2024
788,41,Structural,2024-01-25,Component,Critical,Automated Testing,571.65,1,2024
789,54,Structural,2024-01-21,Surface,Minor,Automated Testing,331.32,1,2024
790,3,Structural,2024-03-10,Internal,Critical,Manual Testing,212.4,3,2024
791,94,Functional,2024-04-15,Surface,Minor,Automated Testing,451.46,4,2024
792,99,Functional,2024-03-05,Internal,Minor,Manual Testing,948.05,3,2024
793,79,Functional,2024-05-07,Component,Moderate,Visual Inspection,111.39,5,2024
794,81,Structural,2024-03-21,Internal,Critical,Automated Testing,281.41,3,2024
795,83,Structural,2024-03-08,Internal,Minor,Automated Testing,866.14,3,2024
796,83,Structural,2024-05-08,Component,Minor,Visual Inspection,545.23,5,2024
797,62,Cosmetic,2024-06-09,Surface,Moderate,Visual Inspection,545.72,6,2024
798,77,Functional,2024-05-10,Component,Critical,Visual Inspection,395.56,5,2024
799,87,Structural,2024-06-08,Component,Moderate,Manual Testing,914.5,6,2024
800,38,Cosmetic,2024-05-30,Internal,Minor,Automated Testing,339.94,5,2024
801,77,Cosmetic,2024-03-18,Surface,Moderate,Visual Inspection,206.92,3,2024
802,98,Functional,2024-03-17,Component,Moderate,Visual Inspection,336.29,3,2024
803,93,Structural,2024-01-08,Internal,Critical,Visual Inspection,911.03,1,2024
804,13,Structural,2024-01-06,Surface,Minor,Visual Inspection,720.18,1,2024
805,23,Functional,2024-04-17,Surface,Moderate,Manual Testing,602.51,4,2024
806,22,Functional,2024-04-08,Internal,Critical,Manual Testing,996.6,4,2024
807,99,Cosmetic,2024-01-28,Surface,Minor,Automated Testing,373.64,1,2024
808,99,Cosmetic,2024-03-30,Component,Minor,Visual Inspection,792.57,3,2024
809,8,Structural,2024-03-19,Surface,Minor,Visual Inspection,956.44,3,2024
810,77,Functional,2024-06-30,Component,Critical,Manual Testing,916.1,6,2024
811,7,Functional,2024-05-15,Surface,Moderate,Visual Inspection,93.31,5,2024
812,76,Structural,2024-03-18,Internal,Critical,Automated Testing,576.28,3,2024
813,93,Functional,2024-05-06,Surface,Minor,Visual Inspection,89.52,5,2024
814,79,Structural,2024-01-06,Component,Minor,Manual Testing,381.12,1,2024
815,65,Structural,2024-06-21,Surface,Moderate,Visual Inspection,686.02,6,2024
816,43,Functional,2024-03-17,Surface,Minor,Manual Testing,585.81,3,2024
817,96,Structural,2024-03-31,Internal,Critical,Automated Testing,28.26,3,2024
818,82,Functional,2024-03-06,Component,Critical,Visual Inspection,858.99,3,2024
819,63,Cosmetic,2024-02-28,Surface,Critical,Automated Testing,373.68,2,2024
820,61,Functional,2024-02-19,Component,Critical,Manual Testing,937.41,2,2024
821,65,Cosmetic,2024-02-11,Surface,Moderate,Visual Inspection,960.72,2,2024
822,41,Functional,2024-02-25,Component,Moderate,Manual Testing,988.9,2,2024
823,88,Cosmetic,2024-01-29,Internal,Minor,Automated Testing,890.34,1,2024
824,45,Structural,2024-02-13,Component,Minor,Automated Testing,838.89,2,2024
825,26,Functional,2024-01-26,Component,Moderate,Automated Testing,90.18,1,2024
826,8,Cosmetic,2024-01-26,Component,Minor,Manual Testing,693.38,1,2024
827,96,Cosmetic,2024-01-19,Component,Minor,Manual Testing,904.55,1,2024
828,25,Functional,2024-05-12,Surface,Critical,Manual Testing,446.66,5,2024
829,90,Cosmetic,2024-02-12,Internal,Critical,Automated Testing,561.22,2,2024
830,62,Cosmetic,2024-04-12,Surface,Moderate,Visual Inspection,227.29,4,2024
831,57,Structural,2024-04-24,Internal,Critical,Manual Testing,129.15,4,2024
832,37,Cosmetic,2024-06-02,Surface,Critical,Automated Testing,105.91,6,2024
833,90,Cosmetic,2024-02-15,Component,Minor,Visual Inspection,833.94,2,2024
834,4,Structural,2024-04-09,Internal,Moderate,Automated Testing,10.55,4,2024
835,69,Functional,2024-01-02,Surface,Critical,Automated Testing,744.8,1,2024
836,95,Structural,2024-05-08,Surface,Critical,Automated Testing,114.02,5,2024
837,30,Functional,2024-03-10,Surface,Minor,Manual Testing,113.95,3,2024
838,76,Structural,2024-06-14,Surface,Critical,Automated Testing,390.19,6,2024
839,26,Cosmetic,2024-05-11,Surface,Critical,Automated Testing,418.17,5,2024
840,95,Structural,2024-02-16,Surface,Moderate,Automated Testing,536.08,2,2024
841,49,Structural,2024-01-25,Component,Minor,Manual Testing,857.55,1,2024
842,32,Functional,2024-01-13,Surface,Minor,Automated Testing,800.23,1,2024
843,97,Functional,2024-04-30,Surface,Moderate,Visual Inspection,526.93,4,2024
844,83,Structural,2024-02-18,Component,Critical,Automated Testing,97.57,2,2024
845,50,Cosmetic,2024-02-27,Component,Moderate,Automated Testing,438.29,2,2024
846,48,Structural,2024-06-25,Internal,Minor,Manual Testing,937.74,6,2024
847,33,Functional,2024-06-22,Component,Moderate,Visual Inspection,261.19,6,2024
848,28,Functional,2024-05-01,Component,Critical,Visual Inspection,155.84,5,2024
849,100,Cosmetic,2024-06-01,Component,Critical,Visual Inspection,761.38,6,2024
850,10,Structural,2024-06-24,Component,Moderate,Automated Testing,693.41,6,2024
851,95,Functional,2024-03-20,Component,Moderate,Automated Testing,319.06,3,2024
852,7,Functional,2024-03-02,Internal,Moderate,Visual Inspection,451.5,3,2024
853,12,Structural,2024-05-05,Surface,Moderate,Automated Testing,497.38,5,2024
854,14,Functional,2024-06-30,Surface,Minor,Visual Inspection,556.73,6,2024
855,31,Cosmetic,2024-02-07,Component,Critical,Visual Inspection,414.41,2,2024
856,20,Structural,2024-02-01,Surface,Critical,Manual Testing,450.18,2,2024
857,49,Functional,2024-04-10,Component,Moderate,Automated Testing,992.76,4,2024
858,51,Structural,2024-05-12,Surface,Minor,Visual Inspection,797.39,5,2024
859,25,Cosmetic,2024-03-25,Internal,Minor,Manual Testing,651.04,3,2024
860,10,Structural,2024-06-24,Component,Moderate,Visual Inspection,862.64,6,2024
861,51,Structural,2024-01-11,Surface,Critical,Automated Testing,915.73,1,2024
862,63,Structural,2024-02-16,Component,Critical,Visual Inspection,445.47,2,2024
863,46,Functional,2024-03-16,Surface,Critical,Automated Testing,789.92,3,2024
864,95,Cosmetic,2024-01-03,Component,Critical,Manual Testing,951.99,1,2024
865,97,Structural,2024-06-14,Surface,Critical,Visual Inspection,345.34,6,2024
866,99,Cosmetic,2024-02-22,Surface,Minor,Visual Inspection,119.16,2,2024
867,9,Cosmetic,2024-03-16,Surface,Minor,Automated Testing,649.87,3,2024
868,38,Cosmetic,2024-05-10,Surface,Critical,Manual Testing,141.43,5,2024
869,55,Functional,2024-06-08,Surface,Critical,Manual Testing,753.6,6,2024
870,39,Structural,2024-05-04,Internal,Critical,Visual Inspection,210.03,5,2024
871,59,Structural,2024-06-13,Surface,Critical,Manual Testing,992.01,6,2024
872,1,Functional,2024-05-20,Internal,Minor,Automated Testing,148.15,5,2024
873,5,Functional,2024-01-05,Surface,Critical,Visual Inspection,577.39,1,2024
874,1,Cosmetic,2024-04-19,Surface,Critical,Visual Inspection,98.45,4,2024
875,81,Structural,2024-04-18,Component,Moderate,Manual Testing,734.65,4,2024
876,31,Cosmetic,2024-03-31,Surface,Critical,Manual Testing,485.93,3,2024
877,67,Structural,2024-02-04,Component,Minor,Automated Testing,505.47,2,2024
878,13,Functional,2024-05-20,Internal,Critical,Automated Testing,769.34,5,2024
879,37,Structural,2024-03-11,Internal,Moderate,Manual Testing,939.94,3,2024
880,91,Cosmetic,2024-04-19,Surface,Minor,Visual Inspection,18.7,4,2024
881,26,Functional,2024-01-21,Internal,Minor,Automated Testing,892.85,1,2024
882,39,Functional,2024-05-21,Component,Moderate,Automated Testing,85.21,5,2024
883,35,Functional,2024-06-06,Component,Minor,Visual Inspection,20.83,6,2024
884,4,Cosmetic,2024-04-01,Internal,Minor,Manual Testing,800.02,4,2024
885,28,Cosmetic,2024-06-07,Surface,Critical,Visual Inspection,525.36,6,2024
886,4,Structural,2024-04-29,Surface,Minor,Visual Inspection,164.46,4,2024
887,95,Structural,2024-05-29,Component,Moderate,Manual Testing,452.93,5,2024
888,17,Cosmetic,2024-04-16,Component,Critical,Automated Testing,729.83,4,2024
889,52,Functional,2024-05-05,Component,Moderate,Automated Testing,138.24,5,2024
890,49,Structural,2024-06-05,Internal,Minor,Automated Testing,901.01,6,2024
891,90,Functional,2024-06-17,Internal,Minor,Manual Testing,780.69,6,2024
892,4,Structural,2024-05-12,Internal,Critical,Automated Testing,280.56,5,2024
893,64,Structural,2024-04-07,Surface,Minor,Manual Testing,437.25,4,2024
894,73,Structural,2024-05-19,Surface,Minor,Manual Testing,902.78,5,2024
895,64,Structural,2024-01-09,Internal,Minor,Visual Inspection,687.38,1,2024
896,64,Structural,2024-03-29,Internal,Minor,Manual Testing,436.79,3,2024
897,56,Functional,2024-05-15,Internal,Minor,Manual Testing,991.95,5,2024
898,58,Structural,2024-05-16,Surface,Moderate,Manual Testing,247.97,5,2024
899,65,Cosmetic,2024-03-16,Component,Critical,Manual Testing,895.77,3,2024
900,84,Functional,2024-02-16,Surface,Critical,Manual Testing,628.29,2,2024
901,27,Cosmetic,2024-03-20,Internal,Critical,Manual Testing,40.8,3,2024
902,60,Structural,2024-03-12,Component,Minor,Manual Testing,709.87,3,2024
903,88,Functional,2024-05-24,Surface,Minor,Automated Testing,450.31,5,2024
904,4,Cosmetic,2024-04-08,Surface,Moderate,Visual Inspection,577.2,4,2024
905,100,Functional,2024-02-07,Surface,Minor,Manual Testing,431.46,2,2024
906,6,Structural,2024-01-25,Surface,Critical,Visual Inspection,62.68,1,2024
907,4,Structural,2024-02-16,Component,Minor,Visual Inspection,988.05,2,2024
908,31,Functional,2024-04-24,Component,Moderate,Manual Testing,156.46,4,2024
909,6,Functional,2024-03-08,Component,Critical,Visual Inspection,32.9,3,2024
910,43,Functional,2024-02-29,Surface,Moderate,Manual Testing,443.75,2,2024
911,82,Functional,2024-06-07,Component,Minor,Visual Inspection,62.7,6,2024
912,46,Functional,2024-04-28,Component,Moderate,Visual Inspection,278.6,4,2024
913,77,Functional,2024-06-26,Surface,Moderate,Automated Testing,213.48,6,2024
914,89,Functional,2024-06-15,Internal,Critical,Automated Testing,90.11,6,2024
915,66,Cosmetic,2024-03-05,Surface,Moderate,Visual Inspection,108.7,3,2024
916,7,Structural,2024-02-21,Surface,Moderate,Visual Inspection,75.06,2,2024
917,66,Cosmetic,2024-01-04,Component,Critical,Automated Testing,511.65,1,2024
918,24,Functional,2024-06-01,Component,Moderate,Visual Inspection,535.87,6,2024
919,35,Cosmetic,2024-03-01,Internal,Minor,Visual Inspection,585.78,3,2024
920,47,Functional,2024-01-03,Surface,Moderate,Visual Inspection,873.58,1,2024
921,91,Cosmetic,2024-03-09,Internal,Moderate,Automated Testing,73.46,3,2024
922,90,Cosmetic,2024-03-17,Component,Minor,Visual Inspection,793.46,3,2024
923,36,Structural,2024-03-29,Surface,Minor,Visual Inspection,893.77,3,2024
924,2,Cosmetic,2024-06-16,Component,Minor,Manual Testing,409.43,6,2024
925,11,Functional,2024-05-03,Internal,Minor,Automated Testing,351.86,5,2024
926,16,Functional,2024-01-12,Internal,Moderate,Automated Testing,933.37,1,2024
927,44,Cosmetic,2024-03-19,Surface,Moderate,Visual Inspection,333.92,3,2024
928,80,Structural,2024-04-27,Internal,Moderate,Manual Testing,904.57,4,2024
929,5,Functional,2024-04-27,Surface,Critical,Visual Inspection,225.51,4,2024
930,52,Functional,2024-05-14,Component,Critical,Automated Testing,664.52,5,2024
931,81,Structural,2024-02-04,Internal,Critical,Automated Testing,486.49,2,2024
932,80,Functional,2024-05-14,Internal,Moderate,Visual Inspection,127.23,5,2024
933,15,Cosmetic,2024-05-16,Internal,Minor,Visual Inspection,121.96,5,2024
934,62,Cosmetic,2024-05-06,Surface,Minor,Manual Testing,267.64,5,2024
935,46,Structural,2024-01-19,Surface,Critical,Automated Testing,298.03,1,2024
936,7,Cosmetic,2024-02-03,Component,Moderate,Automated Testing,604.72,2,2024
937,94,Structural,2024-04-18,Internal,Critical,Manual Testing,749.05,4,2024
938,38,Structural,2024-04-08,Surface,Minor,Manual Testing,499.34,4,2024
939,92,Cosmetic,2024-02-16,Internal,Moderate,Visual Inspection,590.85,2,2024
940,29,Functional,2024-04-01,Internal,Minor,Manual Testing,355.6,4,2024
941,46,Structural,2024-01-27,Component,Minor,Visual Inspection,266.97,1,2024
942,46,Structural,2024-05-29,Surface,Critical,Visual Inspection,160.08,5,2024
943,79,Cosmetic,2024-04-17,Internal,Moderate,Manual Testing,827.64,4,2024
944,72,Functional,2024-03-11,Surface,Minor,Manual Testing,19.83,3,2024
945,10,Cosmetic,2024-05-24,Surface,Minor,Visual Inspection,989.49,5,2024
946,87,Cosmetic,2024-03-03,Internal,Minor,Manual Testing,133.9,3,2024
947,6,Cosmetic,2024-03-03,Internal,Moderate,Visual Inspection,739.33,3,2024
948,70,Structural,2024-02-16,Component,Moderate,Automated Testing,947.83,2,2024
949,60,Structural,2024-04-11,Surface,Critical,Automated Testing,743.44,4,2024
950,23,Structural,2024-02-23,Surface,Critical,Automated Testing,534.79,2,2024
951,2,Functional,2024-06-08,Internal,Moderate,Visual Inspection,479.56,6,2024
952,23,Structural,2024-02-26,Surface,Critical,Visual Inspection,87.89,2,2024
953,81,Functional,2024-03-27,Surface,Minor,Manual Testing,571.61,3,2024
954,46,Structural,2024-06-17,Surface,Moderate,Visual Inspection,485.1,6,2024
955,85,Functional,2024-02-28,Internal,Minor,Manual Testing,289.68,2,2024
956,43,Functional,2024-03-01,Surface,Critical,Manual Testing,962.48,3,2024
957,13,Structural,2024-05-27,Internal,Minor,Automated Testing,13.19,5,2024
958,25,Structural,2024-04-03,Component,Critical,Visual Inspection,298.81,4,2024
959,53,Cosmetic,2024-04-27,Component,Critical,Automated Testing,916.49,4,2024
960,59,Cosmetic,2024-03-19,Internal,Critical,Automated Testing,15.96,3,2024
961,3,Structural,2024-03-29,Component,Moderate,Visual Inspection,383.65,3,2024
962,78,Cosmetic,2024-01-30,Component,Critical,Manual Testing,612.25,1,2024
963,51,Cosmetic,2024-05-26,Component,Minor,Automated Testing,142.0,5,2024
964,45,Functional,2024-02-13,Component,Critical,Manual Testing,685.35,2,2024
965,45,Functional,2024-06-22,Internal,Critical,Visual Inspection,358.46,6,2024
966,54,Functional,2024-03-29,Internal,Moderate,Visual Inspection,310.35,3,2024
967,81,Functional,2024-03-13,Internal,Moderate,Manual Testing,610.75,3,2024
968,92,Structural,2024-03-03,Internal,Moderate,Visual Inspection,523.61,3,2024
969,6,Structural,2024-03-15,Surface,Minor,Manual Testing,945.17,3,2024
970,33,Structural,2024-01-28,Internal,Minor,Visual Inspection,708.97,1,2024
971,50,Cosmetic,2024-04-07,Component,Minor,Automated Testing,309.87,4,2024
972,97,Cosmetic,2024-01-04,Surface,Critical,Manual Testing,565.48,1,2024
973,14,Structural,2024-06-14,Surface,Critical,Automated Testing,859.52,6,2024
974,39,Cosmetic,2024-01-21,Internal,Critical,Manual Testing,140.02,1,2024
975,3,Functional,2024-01-01,Component,Moderate,Automated Testing,626.35,1,2024
976,79,Cosmetic,2024-05-18,Component,Moderate,Visual Inspection,807.32,5,2024
977,96,Structural,2024-06-08,Internal,Critical,Automated Testing,888.55,6,2024
978,57,Functional,2024-01-29,Component,Moderate,Automated Testing,440.85,1,2024
979,1,Functional,2024-01-11,Internal,Critical,Manual Testing,652.97,1,2024
980,39,Functional,2024-02-29,Internal,Moderate,Visual Inspection,725.44,2,2024
981,75,Cosmetic,2024-01-16,Internal,Minor,Manual Testing,843.66,1,2024
982,9,Cosmetic,2024-03-15,Component,Moderate,Visual Inspection,611.8,3,2024
983,76,Functional,2024-05-16,Surface,Moderate,Automated Testing,712.12,5,2024
984,43,Functional,2024-06-22,Internal,Critical,Manual Testing,941.33,6,2024
985,99,Functional,2024-02-02,Internal,Critical,Automated Testing,112.15,2,2024
986,47,Structural,2024-02-08,Internal,Moderate,Automated Testing,284.7,2,2024
987,26,Cosmetic,2024-05-22,Internal,Minor,Visual Inspection,694.09,5,2024
988,50,Cosmetic,2024-02-05,Surface,Moderate,Automated Testing,102.98,2,2024
989,11,Cosmetic,2024-01-01,Component,Critical,Visual Inspection,398.32,1,2024
990,45,Cosmetic,2024-06-11,Component,Critical,Manual Testing,576.07,6,2024
991,10,Cosmetic,2024-06-08,Internal,Minor,Visual Inspection,51.79,6,2024
992,7,Cosmetic,2024-01-25,Internal,Critical,Visual Inspection,426.31,1,2024
993,83,Functional,2024-03-14,Internal,Critical,Manual Testing,808.65,3,2024
994,77,Cosmetic,2024-02-11,Component,Minor,Visual Inspection,970.37,2,2024
995,41,Cosmetic,2024-01-28,Internal,Moderate,Automated Testing,67.54,1,2024
996,25,Structural,2024-03-01,Component,Minor,Automated Testing,813.14,3,2024
997,23,Functional,2024-03-21,Component,Moderate,Automated Testing,944.07,3,2024
998,17,Structural,2024-01-16,Component,Minor,Automated Testing,401.12,1,2024
999,96,Cosmetic,2024-06-21,Internal,Moderate,Manual Testing,775.63,6,2024
1000,1,Cosmetic,2024-03-23,Component,Minor,Visual Inspection,963.4,3,2024
